,Title,Year,Runtime,Genre,Director,Writer,Actors,Language,Country,imdbRating,imdbVotes,imdbID
1,A.A.A. Massaggiatrice bella presenza offresi...,1972,85,Thriller,Demofilo Fidani,"Demofilo Fidani, Mila Vitelli Valenza","Simonetta Vitelli, Jerry Colman, Raffaele Curi",Italian,Italy,5.1,152,tt0068162
2,A.A.A. Achille,2003,82,Comedy,Giovanni Albanese,Vincenzo Cerami,"Sergio Rubini, Hélène Sevaux, Paolo Bonacelli",Italian,Italy,6.4,98,tt0264330
3,"AAA, la película: Sin límite en el tiempo",2010,90,Animation,Alberto Rodriguez,David Hernández Miranda,"César Arias, Jorge Badillo, Manuel Campuzano",Spanish,Mexico,5.7,61,tt1484065
4,"AAA Championships at Fartown, Huddersfield",1901,4,"Short, Sport",N/A,N/A,N/A,None,United Kingdom,5.9,33,tt1669078
5,Las AAA son las tres armas: Carta abierta de Rodolfo Walsh a la junta militar,1979,20,"Documentary, Short",Jorge Denti,N/A,N/A,Spanish,Argentina,7.8,25,tt0307911
7,Aa Aaa Ee Eee: Athanu Aame Inthalo Eeme,2009,155,Drama,Sreenivas Reddy,"Sreenivas Reddy, Darling Swamy","Srikanth, Meka Srikanth, Meera Jasmine",Telugu,India,N/A,16,tt3407278
10,AAB - Punjabi,2013,10,"Short, Drama, Family",Mandeep Singh Auljla,Mandeep Singh Auljla,"Jasbir Jassi, Amar Noorie, Master Raj",Punjabi,"Canada, India",N/A,N/A,tt2960136
11,Asr E Aab,2015,15,"Short, Drama",Shayan Moin Khan,S.M. Kumail Rizvi,"Sufiyan Baghdadi, Syed Karam Hussain, Shakeeb Kausar",Urdu,Pakistan,N/A,N/A,tt5238928
14,Aad liyantaqim,1988,105,"Horror, Mystery",Yassin Ismail Yassin,"Russell Hunter, Yassin Ismail Yassin","Ezzat El Alaili, Iman, Anwar Ismail",Arabic,Egypt,N/A,24,tt3312876
17,The AAF Comes of Age,1945,26,"Documentary, Short",N/A,N/A,"Henry H. Arnold, Adolf Hitler, Gerd von Rundstedt",English,United States,N/A,N/A,tt9481946
18,Materials Handling in AAF Depots,1943,24,"Short, Documentary",N/A,N/A,N/A,English,USA,N/A,N/A,tt0184722
19,Great Tante Aaf,2012,1,"Animation, Short, Comedy, Family",Carla Veldman,N/A,N/A,N/A,N/A,N/A,N/A,tt2651132
20,Ram Gopal Varma Ki Aag,2007,171,"Action, Adventure, Comedy",Ram Gopal Varma,"Salim Khan, Rahil Qazi, Ram Gopal Varma","Amitabh Bachchan, Mohanlal, Ajay Devgn",Hindi,India,1.4,"6,936",tt0473310
23,Aag Ka Gola,1990,180,"Action, Drama",David Dhawan,"Ram Kelkar, Faiz Saleem","Sunny Deol, Dimple Kapadia, Archana Puran Singh",Hindi,India,4.7,116,tt0177489
24,Aag Hi Aag,1987,170,Action,Shibu Mitra,"Ram Kelkar, Faiz Saleem","Dharmendra, Shatrughan Sinha, Moushumi Chatterjee",Hindi,India,5.5,105,tt0177487
25,Badle Ki Aag,1982,158,"Action, Drama",Rajkumar Kohli,N/A,"Sunil Dutt, Dharmendra, Jeetendra",Hindi,India,4.8,72,tt0083608
26,Aag Se Khelenge,1989,151,Action,"Subhash Ghai, Bhaskar Shetty","Sachin Bhowmick, Anwar Khan","Jeetendra, Anil Kapoor, Meenakshi Sheshadri",Hindi,India,5.2,62,tt0096748
30,Aah,1953,150,"Drama, Musical, Romance",Raja Nawathe,Inder Raj Anand,"Nargis, Raj Kapoor, Vijayalaxmi",Hindi,India,7.2,298,tt0045467
31,Ah Aah: Anbe Aaruyire,2005,165,"Fantasy, Romance",S.J. Suryah,"Rathnakumar, S.J. Suryah","S.J. Suryah, Meera Chopra, Urvashi",Tamil,India,5.2,243,tt0443310
32,Aah... Tamara,1965,28,"Short, Drama",Pim de la Parra,N/A,"Kitty Courbois, Joris Ivens, Fons Rademakers",Dutch,Netherlands,6.3,14,tt0058867
34,Trey Songz: Say Aah,2010,3,"Short, Music",Yolande Geralds,N/A,"DJ Clue, Diana Gordon, Trey Songz, Jessica White",English,USA,8.2,6,tt8435878
35,Gina G: Ooh Aah... Just a Little Bit,1996,3,"Short, Music",N/A,N/A,Gina G,English,UK,N/A,N/A,tt12598760
36,Aah!,2020,14,Short,Gökçe Demirgüç,Gökçe Demirgüç,"Muhammed Kayan, Onur Kimyonok, Beritan Kaya",Turkish,Turkey,N/A,N/A,tt13516268
38,Aah Sean,1992,45,Comedy,N/A,Sean Hughes,Sean Hughes,English,UK,N/A,N/A,tt0380993
41,Shyamchi Aai,1953,152,Drama,Pralhad Keshav Atre,"Acharya Atre, Sane Guruji","Saraswati Bodas, Sumati Gupte, Damuanna Joshi",Marathi,India,7.2,147,tt0155174
42,Mala Aai Vhhaychy!,2011,124,"Drama, Family, Music",Samruoddhi Porey,Samruoddhi Porey,"Urmilla Kanetkar Kothare, Stacy Bee, Samruoddhi Porey","Marathi, English",India,8.2,121,tt1772303
44,Aai Shappath..!,2006,134,Drama,Sanjay Soorkar,"Madhuri Ashirgade, Sanjay Soorkar, Sanjay Pawar","Manasi Salvi, Shreyas Talpade, Ankush Chaudhari",Marathi,India,7.3,46,tt0833407
48,AAi,2014,15,"Animation, Short, Drama","Aroop Dwivedi, Aroop Dwivedi","Aroop Dwivedi, Aroop Dwivedi","Deepshikha Kapoor, Kaushik Mandal, Himanshi Parmar",Hindi,India,9.0,15,tt3795324
53,Aaj Ka Arjun,1990,164,"Action, Crime, Drama",K.C. Bokadia,N/A,"Amitabh Bachchan, Jaya Prada, Radhika Sarathkumar",Hindi,India,4.6,617,tt0098976
54,Love Aaj Kal Porshu,2020,105,"Drama, Romance",Pratim D. Gupta,"Rohini Ghosh, Pratim D. Gupta","Madhumita Sarcar, Paoli Dam, Anindita Bose",Bengali,India,6.1,398,tt10801042
55,Ghawre Bairey Aaj,2019,146,Drama,Aparna Sen,Rohini Ghosh,"Anirban Bhattacharya, Tuhina Das, Rwitobroto Mukherjee",Bengali,India,6.3,354,tt11200922
56,Kal Aaj Aur Kal,1971,156,"Family, Musical, Romance",Randhir Kapoor,Virendra Sinha,"Prithviraj Kapoor, Raj Kapoor, Babita Kapoor",Hindi,India,6.5,327,tt0330505
57,Aaj,1987,116,Drama,Mahesh Bhatt,N/A,"Raj Babbar, Smita Patil, Raj Kiran",Hindi,India,4.5,294,tt0156256
58,Aaj Ka Goonda Raaj,1992,147,"Action, Thriller",Ravi Raja Pinisetty,Anees Bazmee,"Chiranjeevi, Meenakshi Sheshadri, Raj Babbar",Hindi,India,5.4,164,tt0247909
59,Bhalobasa Aaj Kal,2013,148,"Comedy, Romance",P.A. Kajal,N/A,"Shakib Khan, Mahiya Mahi, Aliraj",Bengali,Bangladesh,6.2,154,tt3112990
60,Aak Ek Ke Dui,2014,128,"Comedy, Drama",Drono Acharya,Paramita Munshi (screenplay),"Biswanath Basu, Bratya Basu, Sudiptaa Chakraborty, Debesh Chatterjee",Bengali,India,5.0,6,tt5473578
65,"M. Pearls, A.A.L. The Movie",2017,88,Drama,Emily Kirk,Emily Kirk,"Joanna Ferbrache, Tima Smith, Kaja Nelson",English,United States,N/A,6,tt5604002
66,Elly Ra'aso Aal Sellem,1994,94,N/A,Nagi Anglo,Abdel Dayem El Shazly,"Ahmad Bedair, Mariem Fakhr El Dine, Ayda Reyad",Arabic,Egypt,N/A,N/A,tt6812466
67,Yaatik Aal Aafyé: Night-Shift,2016,7,Short,Hisham Sharafeddine,Hisham Sharafeddine,"Hasan Akil, Maroon Asmar, Mazen El Hajj, George Hayek",Arabic,Lebanon,N/A,N/A,tt7661478
68,Loulla Âal-Lissar,2018,9,"Short, Comedy, Drama",Wajdi Jhimi,Wajdi Jhimi,"Kamel Alaoui, Islem Beji, Habib Ghzel",Arabic,Tunisia,N/A,N/A,tt11822574
69,Ivanakku Sariyaana Aal Illai,2020,169,"Action, Drama",Anil Ravipudi,N/A,"Mahesh Babu, Satyadev Kancharana, Vennela Kishore",Tamil,India,N/A,N/A,tt13506664
72,"Marti, mudir aam",1966,110,"Comedy, Drama, Romance",Fatin Abdulwahhab,"Abdel Hamid Gouda El Sahhar, Saad Eldin Wahba","Shadia, Salah Zulfikar, El-Deif Ahmed",Arabic,Egypt,7.1,664,tt0376750
73,Khule-Aam,1992,155,Action,Arun Dutt,"Arun Dutt, Muhammad Ishaq","Dharmendra, Shammi Kapoor, Neelam Kothari",Hindi,India,6.1,26,tt0416890
76,Aam Aadmi,2018,103,Drama,Jagtar Uttam,N/A,"Raj Brar, Sukhwinder Raj, Kiara Rana",Punjabi,India,9.8,6,tt8391426
77,Aam sutra,2017,96,Drama,Swarup Kumar Mondal,Swarup Kumar Mondal,"Rupankar Bagchi, Kohima Basu, Ramen Biswas",Bengali,India,N/A,N/A,tt8591530
78,Aam Ka Mausam,2020,5,"Short, Drama",Gaurav Madan,Gaurav Madan,N/A,Hindi,India,N/A,N/A,tt12753676
79,Aam Kahani,2014,25,"Short, Drama",Utkarsh Thukral,"Utkarsh Thukral (story), Utkarsh Thukral","Rakesh Bhardwaj, Dalip Singh",Hindi,"India, UK",N/A,N/A,tt2873802
81,Aan: Men at Work,2004,149,"Action, Crime, Drama",Madhur Bhandarkar,"Hriday Lani, Sanjeev Puri, Manoj Tyagi","Akshay Kumar, Shatrughan Sinha, Suniel Shetty",Hindi,India,5.7,"3,061",tt0363409
82,Dorp aan de rivier,1958,92,Drama,Fons Rademakers,"Hugo Claus, Antoon Coolen, Fons Rademakers","Max Croiset, Mary Dresselhuys, Bernard Droog",Dutch,Netherlands,6.8,356,tt0051552
83,Aan Paavam,1985,136,Comedy,R. Pandiaraajan,N/A,"Janakaraj, R. Pandiaraajan, Pandiyan",Tamil,India,7.9,353,tt0275175
84,Kom niet aan mijn kinderen,2010,85,"Drama, Thriller",Ron Termaat,"Marian Batavier, Janneke Schoonhoven, Nicolette Steggerda","Karina Smulders, Jurgen Bogaert, Fiona Livingston","Dutch, Arabic",Netherlands,6.5,276,tt1567128
85,Aan Milo Sajna,1970,177,"Drama, Musical, Romance",Mukul Dutt,"Sachin Bhowmick, Ehsan Rizvi","Rajesh Khanna, Asha Parekh, Vinod Khanna",Hindi,India,6.4,232,tt0178184
86,Niks vreemds aan,2021,87,Comedy,Andrejs Ekis,Nienke Römer,"Frederik Brom, Tina de Bruin, Maurits Delchot",Dutch,Netherlands,N/A,164,tt14019368
87,Aan Devathai,2018,134,"Action, Drama",Thamira,Thamira,"Ilavarasu, Kasthuri, Monica",Tamil,India,6.3,145,tt7019912
88,Hollywood aan de schelde,2018,119,Documentary,Robbe De Hert,"Robbe De Hert, Joke Sluydts",N/A,Dutch,Belgium,7.1,131,tt9878504
89,De mésaventure van een Fransch heertje zonder pantalon aan het strand te Zandvoort,1905,6,"Short, Comedy","Albert Mullens, Willy Mullens",N/A,Willy Mullens,None,Netherlands,5.5,98,tt1112865
90,De Kameleon aan de ketting,2021,95,Family,Steven de Jong,"Steven de Jong, Dick van den Heuvel","Sens Gerritsen, Imme Gerritsen, Margreet Blanken",Dutch,Netherlands,6.7,43,tt12839638
91,Aao Wish Karein,2009,140,"Comedy, Family, Fantasy",Glen Barreto,"Glen Barreto, Ravinder Manga, Aftab Shivdasani","Aftab Shivdasani, Aamna Sharif, Rati Agnihotri","Hindi, English",India,5.1,614,tt1538210
92,Aao Pyaar Karen,1994,141,Romance,Ravindra Peepat,N/A,"Saif Ali Khan, Shilpa Shetty Kundra, Somy Ali",Hindi,India,3.6,178,tt0112269
93,Aao Pyar Karen,1964,122,"Drama, Romance",R.K. Nayyar,N/A,"Joy Mukherjee, Saira Banu, Sanjeev Kumar",Hindi,India,5.2,21,tt0057815
94,Ek Baar Chale Aao,1983,137,Drama,Jagdish Sidana,N/A,"Govardhan Asrani, Bharat Bhushan, Jankidas",Hindi,India,6.8,15,tt0340090
101,Aap Mujhe Achche Lagne Lage,2002,180,"Action, Drama, Romance",Vikram Bhatt,"Robin Bhatt, Girish Dhamija, Sanjeev Duggal","Hrithik Roshan, Ameesha Patel, Kiran Kumar",Hindi,India,3.1,"2,528",tt0247911
102,Mere Baap Pehle Aap,2008,163,"Comedy, Drama, Romance",Priyadarshan,"Manisha Korde, Priyadarshan, Kalavur Ravikumar","Akshaye Khanna, Paresh Rawal, Genelia D'Souza",Hindi,India,5.4,"2,235",tt1170404
104,Aap Ki Khatir,2006,122,"Comedy, Romance",Dharmesh Darshan,Sunil Munshi,"Akshaye Khanna, Priyanka Chopra Jonas, Ameesha Patel",Hindi,India,3.9,915,tt0810058
105,Aap Ki Kasam,1974,153,"Romance, Drama",J. Om Prakash,"Ram Kelkar, Ramesh Pant","Rajesh Khanna, Mumtaz Askari, Sanjeev Kumar",Hindi,India,7.0,460,tt0175423
106,Hum Ho Gaye Aap Ke,2001,168,"Drama, Musical, Romance","Ahathian, Sunil Kumar Agrawal","Sunil Kumar Agrawal, Ahathian","Fardeen Khan, Reema Sen, Apurva Agnihotri",Hindi,India,4.3,431,tt0292552
107,Koi Aap Sa: But Lovers Have to Be Friends,2005,142,"Comedy, Drama, Romance",Partho Mitra,"Mahesh Pandey, Sameer, Dheeraj Sarna","Aftab Shivdasani, Anita Hassanandani Reddy, Dipannita Sharma",Hindi,India,5.2,261,tt0488840
111,Aar-Paar,1954,146,"Musical, Romance, Thriller",Guru Dutt,"Abrar Alvi, Nabendu Ghosh","Shyama, Guru Dutt, Jagdish Sethi",Hindi,India,6.6,297,tt0046673
112,Aar Ya Paar,1997,180,Thriller,Ketan Mehta,"Hriday Lani, Ketan Mehta","Jackie Shroff, Deepa Sahi, Ritu Shivpuri",Hindi,India,6.2,249,tt0118546
115,Tretten Aar,1932,85,Family,George Schnéevoigt,"Fleming Lynge, George Schnéevoigt","Frederik Jensen, Svend Bille, Beatrice Bonnesen",Danish,Denmark,5.8,17,tt0127940
116,Chhutii Aar Picnic,2013,72,"Drama, Music, Romance",Shomshuklla Das,"Shomshuklla Das (story), Shomshuklla Das","Shahana Chatterjee, Uditvanu Das, Sohini Roy",Bengali,India,6.8,12,tt3210284
124,AAS: Uttarakhandi Film,2017,61,N/A,Rahul Singh Bora,Rahul Singh Bora,"Anamika Bisht, Rajkumar Bisht, Deepak Khatri, Ram Mehta",N/A,N/A,7.4,5,tt7133248
131,Saatchya Aat Gharat,2004,140,Drama,Sanjay Soorkar,"Sanjay Soorkar (story), Nishikant Kamat (screenplay), Sanjay Pawar (screenplay), Sanjay Pawar (dialogue)","Bharti Achrekar, Makarand Anaspure, Vibhawari Deshpande, Bharat Ganeshpure",Marathi,India,7.2,162,tt0833529
138,Aav Taru Kari Nakhu,2017,120,Comedy,Rrahul Mevawala,Tapan Bhatt,"Monal Gajjar, Manisha Kanojia, Aditya Kapadia",Gujarati,India,6.7,43,tt6796284
142,Wohti Le Kay Jani Aay,2010,158,Comedy,Syed Noor,Syed Noor,"Amanat Chan, Saima Noor, Mustafa Qureshi",Urdu,Pakistan,7.0,50,tt2316096
146,Aaz Ashab,2009,91,"Drama, Romance",Ahmad Samir Farag,Mohamed Nayer,"Ahmed El-Saadany, Marwa Abdel Moneim, Lana Said",Arabic,Egypt,5.5,87,tt1860168
150,Su sambene non est aba (Il sangue non è acqua),1969,10,"Animation, Short","Guido Gomas, Manfredo Manfredi",N/A,N/A,"Italian, Sardinian",Italy,5.6,10,tt0264049
154,For Aba,2009,20,"Short, Drama",Lynn Elliot,N/A,N/A,English,USA,N/A,N/A,tt1381770
155,Aba sheli tzipor,2013,13,"Short, Comedy, Drama",Boaz Debby,Boaz Debby,Sharon Alexander,Hebrew,Israel,N/A,N/A,tt2845314
158,Abb Bolo!,2020,8,"Short, Comedy",Rimpy Rooprai,Parvinder Nandhra,"Jazz Gee, Sonia Goswami, Nina Shah","Hindi, English, Punjabi",United Kingdom,N/A,N/A,tt12063794
162,ABC Africa,2001,83,Documentary,Abbas Kiarostami,Abbas Kiarostami,"Abbas Kiarostami, Seifollah Samadian","Persian, English",Iran,6.9,761,tt0281534
167,Garotas do ABC,2003,130,"Adventure, Comedy, Drama",Carlos Reichenbach,"Fernando Bonassi, Carlos Reichenbach","Michelle Valle, Vanessa Alves, Nathalia Lorda",Portuguese,Brazil,6.5,229,tt0327451
168,ABC da Greve,1990,75,Documentary,Leon Hirszman,N/A,"Lélia Abramo, Luiz Inácio Lula da Silva, Vinicius de Moraes",Portuguese,Brazil,7.9,170,tt0317051
170,Gamal Abd El Naser,1998,130,"Drama, History",Anwar Kawadri,"Ehab Emam, Anwar Kawadri, Eric Sanders","Khaled El-Sawi, Hesham Selim, Abla Kamel",Arabic,Egypt,5.5,57,tt0425053
171,The Strange Case of Salman abd al Haqq,2007,42,"Short, Action","Timour Gregory, Jeff Orlowski","Amin El Gamal (storyline consultant), Timour Gregory","Amin El Gamal, David Fine, Iyad Hajjaj, Alex Ackerman-Greenberg","English, Arabic",USA,8.3,11,tt1334475
172,Abd El-Kader,2014,93,Documentary,Salem Brahimi,"Salem Brahimi, Audrey Brasseur",N/A,"Arabic, English, French",Algeria,N/A,N/A,tt4520270
174,Abe Lincoln in Illinois,1940,110,"Biography, Drama, History",John Cromwell,"Robert E. Sherwood, Grover Jones","Raymond Massey, Gene Lockhart, Ruth Gordon",English,United States,7.3,"1,815",tt0032181
177,A Woman Called Sada Abe,1975,85,"Biography, Drama",Noboru Tanaka,Akio Ido,"Junko Miyashita, Eimei Esumi, Genshû Hanayagi",Japanese,Japan,6.1,552,tt0073208
178,Abe & Phil's Last Poker Game,2017,85,"Comedy, Drama",Howard Weiner,Howard Weiner,"Martin Landau, Paul Sorvino, Maria Dizzia",English,United States,5.6,271,tt5175636
179,Intolerance: All Japan's Struggle Throughout the Abe Regime Period,2017,103,"Documentary, News, Talk-Show",Kazuhide Uekusa,Kazuhide Uekusa,"Shinzo Abe, Kazuyuki Azusawa, Satoshi Daigo, Takakage Fujita",Japanese,Japan,9.2,153,tt7416374
180,VeggieTales: Abe and the Amazing Promise,2009,52,"Animation, Comedy, Family, Musical",John Wahba,"Tod Carter (developer), Tim Hodge, Mike Nawrocki, Brian Roberts (developer), Sean Roche, Mark Steele, Phil Vischer (story), John Wahba (developer), J. Chris Wall (developer)","Phil Vischer, Mike Nawrocki, Lisa Vischer, Delilah",English,USA,6.6,135,tt1356548
182,Abe & Bruno,2006,94,Family,Henri Charr,"Henri Charr, Jess Mancilla, Sree Scanda","Brad Sergi, Kevin Scott Allen, Eric Clarke, Darla Coele",English,USA,4.6,58,tt0796301
184,ABF-Memoiren,1993,90,Documentary,Karlheinz Mund,"Karlheinz Mund, Helga Schütz",N/A,German,Germany,N/A,N/A,tt0826023
186,Agir abi,2011,97,"Action, Comedy",Oguzhan Ugur,Oguzhan Ugur,"Halil Tasdemir, Senem Basak, Erdinç Kurt",Turkish,Turkey,2.8,"1,157",tt1909726
187,Abi foq al-Shagara,1969,142,"Drama, Musical, Romance",Hussein Kamal,"Yusuf Francis, Ihsan Abdel Quddous, Saad Eldin Wahba","Abdel Halim Hafez, Nadia Lutfi, Mervat Amin",Arabic,Egypt,5.8,308,tt0251881
190,Abi '97 - gefühlt wie damals,2017,88,Comedy,Granz Henman,"Paolo Genovese, Thomas Stiller","Diana Amft, Axel Stein, Tom Beck",German,Germany,4.7,102,tt6985072
191,Helal Olsun Ali Abi,1963,67,"Adventure, Comedy",Hulki Saner,Hulki Saner,"Ayhan Isik, Sadri Alisik, Sevda Ferdag",Turkish,Turkey,5.8,96,tt0388104
193,Abi,2019,10,"Short, Sci-Fi",Timothy Troy,Dan McGuire,"Rom Barkhordar, Emily Berman, Clare Cooney",English,United States,6.8,30,tt10110672
194,Abi be range aseman,2019,90,"Documentary, Sport",Amir Rafiee,Khashayar Alvand,"Mahnaz Afshar, Siamak Ansari, Farhad Aslani, Hamid Reza Azarang",Persian,Iran,8.6,29,tt11111166
195,Abi va Rabi,1930,60,Comedy,Ovanes Ohanian,Ovanes Ohanian,"Ali Arjmand, Abolghasem Ashti, Ahmad Dehghan","None, Persian",Iran,6.4,27,tt0171045
197,ABL 80th Anniversary Timeline Surprise,2013,11,"Documentary, Short, Biography",Marti Chitwood Covington,Marti Chitwood Covington,"Cycerli Ash, Gilbert Glenn Brown, Cameron Miller, Zurtek Pardee",English,USA,N/A,N/A,tt3773082
198,Abl Al Rabie,2014,92,Drama,Ahmed Atef,Ahmed Atef,N/A,Arabic,Egypt,N/A,N/A,tt3777972
202,Abo Ali,2005,120,"Comedy, Romance",Ahmad Nader Galal,Belal Fadl,"Talat Zakariyya, Mona Zaki, Karim Abdel Aziz",Arabic,Egypt,6.5,"2,030",tt0419416
205,"Koshmarnyy dyrector, abo shkolaN°5",2019,121,Comedy,Mila Pogrebiskaya,N/A,"Darya Astafieva, Sergey Frolov, Anna Lebedeva",Russian,Ukraine,5.7,21,tt11810436
206,Abo So,2013,72,"Comedy, Drama, Musical",Juan Francisco Pardo,Juan Francisco Pardo,"Oscar Booy, Joshua Calderón, Addonsito Croes",Papiamento,Aruba,6.7,18,tt3664006
209,"Judenkreis, abo vichne koleso",1996,80,"Drama, Romance, War",Vasili Dombrovsky,"Vasili Dombrovsky, Stanislav Tsalik","Konstantin Stepankov, Svetlana Krut, Tamara Yatsenko",Ukrainian,Ukraine,5.9,10,tt0174794
211,Hiblang abo,2016,88,Drama,Ralston Jover,"Naning Estrella, Ralston Jover","Lou Veloso, Jun Urbano, Leo Rialp","Filipino, Tagalog",Philippines,N/A,N/A,tt5891372
214,Abr,2016,17,"Short, Drama",Ish Raheja,Ish Raheja,"Dhruv Singhal, Jyotsna Singh, Shubhankar Mishra, Abdul Ahad Naushad","English, Hindi",India,6.8,9,tt6123436
217,Kim Kardashian: Fit in Your Jeans by Friday - Amazing Abs Body Sculpt,2009,55,N/A,Darren Capik,N/A,"Kim Kardashian West, Jennifer Galardi",English,USA,1.1,105,tt2407482
220,"Personal Trainer Series: Abs, Buns & Thighs",1995,55,N/A,N/A,N/A,Jane Fonda,English,USA,6.6,10,tt0215053
222,ABS serienmäßig - Kondome schützen,1994,2,Short,Britta Olivia Götz,Britta Olivia Götz,"Til Schweiger, Constanze Weihrauch",German,Germany,7.2,8,tt0484398
223,"The Abs Diet Workout 2: The Get Fit, Stay Fit Plan",2006,77,Sport,Andrea Ambandos,N/A,Terry Simpson,English,USA,7.0,8,tt0840273
224,"The Firm: Total Body - Abs, Hips & Thighs Sculpting",1996,45,N/A,Mark S. Henriksen,Mark S. Henriksen,"LaReine Chabut, April Abel, Kim Bartlett, Lisa Benson",English,USA,8.1,7,tt0236220
225,Abs of Steel,1991,40,"Documentary, Short",Paul Des Chenes,N/A,Tamilee Webb,English,USA,4.6,7,tt0272438
226,Bellydance for Body Shaping: Abs,2004,48,N/A,N/A,Andy Troy,"Neon, Andy Troy",English,USA,N/A,N/A,tt0485191
228,Der fliegende Abt - Daniel und seine 27 Brüder,2003,55,Documentary,Eric Bergkraut,N/A,N/A,Swiss German,Switzerland,N/A,N/A,tt1186738
229,Boys of Abu Ghraib,2014,102,"Drama, Thriller, War",Luke Moran,Luke Moran,"Luke Moran, Sean Astin, Sara Paxton",English,United States,5.4,"2,247",tt1965162
230,Captain Abu Raed,2007,102,Drama,Amin Matalqa,Amin Matalqa,"Nadim Sawalha, Rana Sultan, Hussein Al-Sous","Arabic, French, Italian",Jordan,7.3,"1,684",tt1017428
231,"Abu, Son of Adam",2011,101,Drama,Salim Ahmed,Salim Ahmed,"Salim Kumar, Said Alharbi, M.R. Gopakumar",Malayalam,India,7.8,"1,196",tt1945039
232,Ghosts of Abu Ghraib,2007,78,"Documentary, Crime, History",Rory Kennedy,"Jack Youngelson, Mark Bailey","Israel Rivera, Megan Ambuhl Graner, Javal Davis",English,United States,7.7,"1,054",tt0912585
233,Samir Abu el-Nil,2013,109,Comedy,Amr Arafa,Ayman Bahgat Kamar,"Ahmed Mekky, Nicole Saba, Muhammad Lutfi",Arabic,Egypt,4.4,439,tt2907394
234,Abu Shanab,2016,114,Comedy,Sameh Abdulaziz,"Nada Elshahat, Khalid Jalal","Yasmin Abdulaziz, Ragaa Al-Gidawy, Nada Elshahat",Arabic,Egypt,5.0,370,tt5744102
235,Abu: Father,2017,80,Documentary,Arshad Khan,Arshad Khan,N/A,English,Canada,7.9,240,tt6085926
237,Abu Halmoos,1947,75,"Comedy, Drama","Mahmood Farid, Ibrahim Hilmi","Nagib El-Rihani, Ibrahim Hilmi, Badi Khayri","Nagib El-Rihani, Hagar Hamdi, Abbas Fares",Arabic,Egypt,7.3,76,tt0042180
238,Mumia Abu-Jamal: A Case for Reasonable Doubt?,1998,74,Documentary,John Edginton,John Edginton,"Mumia Abu-Jamal, Alfred Sabo",English,United States,6.6,73,tt0119728
239,Aby,2017,133,"Comedy, Drama",Srikant Murali,Santosh Aechikkanam,"Vineeth Sreenivasan, Mareena, Manish Chaudhari",Malayalam,India,5.9,466,tt6200604
242,Aby bolo jasné,1970,65,Comedy,Juraj Svoboda,"Alan Ayckbourn (play), Juraj Svoboda (screenplay)","Leopold Haverl, Ivan Krajícek, Ida Rapaicová, Eva Rysová",Slovak,Czechoslovakia,N/A,N/A,tt13735464
247,...Aby si lidi vsimli,1988,21,Short,Vladislav Kvasnicka,Vladislav Kvasnicka,N/A,Czech,Czechoslovakia,N/A,N/A,tt1045572
249,Operettens ABZ,1963,50,Musical,Carl Mesterton,N/A,"Berith Bohm, Liisa Tuomi, Leif Wager, Ture Ara",Swedish,Finland,N/A,N/A,tt1464280
252,De Acá a la China,2019,92,"Comedy, Drama",Federico Marcello,Federico Marcello,"Eugenio Donatello, Wu Fangbing, Zhouzhuo Heng","English, Spanish, Chinese",Argentina,6.7,57,tt12303322
253,Acá las tortas,1951,111,Drama,Juan Bustillo Oro,Juan Bustillo Oro,"Sara García, Meche Barba, Carlos Orellana",Spanish,Mexico,7.5,55,tt0179630
255,Un paso al más aca,1988,90,"Comedy, Horror, Mystery",Gilberto de Anda,Gilberto de Anda,"Sergio Goyri, Lorena Herrera, Luz María Jerez",Spanish,Mexico,6.1,15,tt0359813
256,Estoy Acá (Mangui Fi),2017,77,Documentary,"Juan Manuel Bramuglia, Esteban Tabacznik","Juan Manuel Bramuglia, Esteban Tabacznik","Mbaye Seck, Ababacar Sow","Wolof, Spanish",Argentina,N/A,5,tt8810196
257,Y fue acá entre nos,2013,95,Comedy,Aurora Martínez,N/A,"Gerardo Lizalde, Karen Santeliz, Javier De la Vega",Spanish,Mexico,N/A,N/A,tt10702134
261,Acá y acullá,2019,65,Documentary,Hernán Pablo Khourian,Hernán Pablo Khourian,N/A,N/A,Argentina,N/A,N/A,tt14134226
263,A.C.B.,1989,50,Music,Ron Isted,N/A,"Christopher Cook, Vernon Handley, André Previn, Debora Samuel",English,UK,N/A,N/A,tt4438328
266,Inside ACC Football: A Game Day Experience,2014,24,"Documentary, Sport",Colby Gottert,N/A,N/A,English,USA,N/A,N/A,tt5712696
267,The Other Supreme Court: The 2016 New York Life ACC Tournament,2016,50,Documentary,Colby Gottert,N/A,N/A,N/A,N/A,N/A,N/A,tt5861368
273,Without Borders: Go Behind the Scenes at the 2019 New York Life ACC Men's Basketball Tournament,2019,60,Sport,"Logan Combest Friedman, Jordan Baese",Lance Dagenhardt,N/A,English,United States,N/A,N/A,tt13100772
274,Acd,1996,13,"Documentary, Short",Thomas Sipp,N/A,N/A,French,France,N/A,N/A,tt3569752
275,Ace Ventura: Pet Detective,1994,86,Comedy,Tom Shadyac,"Jack Bernstein, Tom Shadyac, Jim Carrey","Jim Carrey, Courteney Cox, Sean Young",English,United States,6.9,"296,544",tt0109040
276,Ace Ventura: When Nature Calls,1995,90,"Adventure, Comedy, Crime",Steve Oedekerk,"Jack Bernstein, Steve Oedekerk","Jim Carrey, Ian McNeice, Simon Callow",English,United States,6.4,"214,411",tt0112281
277,Ace in the Hole,1951,111,"Drama, Film-Noir",Billy Wilder,"Billy Wilder, Lesser Samuels, Walter Newman","Kirk Douglas, Jan Sterling, Robert Arthur","English, Spanish, Latin",United States,8.1,"35,422",tt0043338
278,Ace Ventura: Pet Detective Jr.,2009,93,"Adventure, Comedy, Crime",David Mickey Evans,"David Mickey Evans, Jeff Sank, Jason Heimberg","Josh Flitter, Emma Lockhart, Ann Cusack",English,United States,2.1,"5,284",tt0844029
279,Ace High,1968,122,"Comedy, Western",Giuseppe Colizzi,Giuseppe Colizzi,"Terence Hill, Bud Spencer, Eli Wallach","Italian, Spanish, French",Italy,6.5,"4,278",tt0064860
280,Stroker Ace,1983,96,"Action, Comedy, Romance",Hal Needham,"William Neely, Robert K. Ottum, Hugh Wilson","Burt Reynolds, Ned Beatty, Jim Nabors",English,United States,4.8,"3,892",tt0086379
281,Ace of Aces,1982,100,"Adventure, Comedy, Sport",Gérard Oury,"Danièle Thompson, Gérard Oury, Horst Wendlandt","Jean-Paul Belmondo, Marie-France Pisier, Frank Hoffmann","German, French","France, West Germany",6.6,"3,722",tt0083580
282,Ace Attorney,2012,135,"Comedy, Crime, Drama",Takashi Miike,"Takeharu Sakurai, Sachiko Ôguchi, Shu Takumi","Hiroki Narimiya, Takumi Saitoh, Mirei Kiritani",Japanese,Japan,6.5,"2,872",tt1891974
284,The Ace of Hearts,1921,75,"Crime, Drama, Mystery",Wallace Worsley,"Gouverneur Morris, Ruth Wightman","Lon Chaney, Leatrice Joy, John Bowers",None,United States,6.8,"1,232",tt0011904
286,Società Sportiva Calcio Napoli vs ACF Fiorentina,2012,90,Sport,N/A,N/A,N/A,N/A,Italy,N/A,N/A,tt10691766
287,ACF Fiorentina vs Udinese Calcio,2012,90,Sport,N/A,N/A,N/A,N/A,Italy,N/A,N/A,tt10691818
288,ACF Fiorentina vs Calcio Catania,2012,90,Sport,N/A,N/A,N/A,N/A,Italy,N/A,N/A,tt10691826
289,ACF Fiorentina vs Juventus F.C.,2012,90,N/A,N/A,N/A,N/A,N/A,Italy,N/A,N/A,tt10691832
290,F.C Internazionale Milano vs ACF Fiorentina,2012,90,Sport,N/A,N/A,"Inter Milan, A.C.F. Fiorentina",N/A,Italy,N/A,N/A,tt10691842
291,ACF Fiorentina vs Bologna Football Club 1909,2012,90,Sport,N/A,N/A,N/A,N/A,Italy,N/A,N/A,tt10691876
294,ACF Fiorentina - U.C. Sampdoria,2021,94,N/A,N/A,N/A,N/A,Italian,Italy,N/A,N/A,tt16290620
297,Ach du lieber Harry,1981,85,Comedy,Jean Girault,"Jean Girault, Ralf Gregan, Dieter Hallervorden","Dieter Hallervorden, Iris Berben, Jacques Marin",German,West Germany,5.6,363,tt0080328
298,Ach spij kochanie,2017,97,"Crime, Thriller",Krzysztof Lang,Andrzej Golda,"Tomasz Schuchardt, Andrzej Chyra, Arkadiusz Jakubik",Polish,Poland,5.5,317,tt7135128
299,Ach Egon!,1961,98,Comedy,Wolfgang Schleif,"Franz Arnold, Ernst Bach, Gustav Kampendonk","Heinz Erhardt, Corny Collins, Adrian Hoven",German,West Germany,5.3,166,tt0054600
300,Lindemann: Ach so gern,2019,4,"Short, Music",Zoran Bihac,N/A,"Till Lindemann, Lucie Aron, Deniss Bardashov, Kristo Kaljuvee",German,Germany,8.2,37,tt11510122
302,Ach du Fröhliche,1995,85,Comedy,Stefan Lukschy,N/A,"Harald Juhnke, Marijam Agischewa, Nicole Heesters, Karen Friesicke",German,Germany,7.1,15,tt0112283
303,"Ach, du fröhliche",1962,95,"Comedy, Drama",Günter Reisch,"Vratislav Blazek, Hermann Kant","Erwin Geschonneck, Karin Schröder, Günter Junghans",German,East Germany,5.9,15,tt0174449
304,"Ach, Boris...",1990,85,Drama,Niki List,"Peter Berenc, Niki List, Werner Sallmaier","Susanne Altschul, Jutta Hoffmann, Dominik Kaschke",German,Austria,5.6,11,tt0098980
306,"Ach, du liebe Freiheit",1953,45,Comedy,"Harald Philipp, Hans Scholz",Harald Philipp,"Wolfgang Gruner, Edith Hancke, Jo Herbst, Günter Pfitzmann",German,West Germany,8.6,10,tt0443836
308,Aci Ask,2009,106,"Crime, Drama, Romance",A. Taner Elhan,Onur Ünlü,"Halit Ergenç, Cansu Dere, Ezgi Asaroglu",Turkish,Turkey,5.3,"1,868",tt1537717
311,Almanya aci vatan,1979,85,Drama,"Serif Gören, Zeki Ökten",Zehra Tan,"Hülya Koçyigit, Rahmi Saltuk, Suavi Eren",Turkish,Turkey,6.5,300,tt0456829
312,Aci,1971,78,"Crime, Drama, Romance",Yilmaz Güney,Yilmaz Güney,"Mehmet Büyükgüngör, Fatma Girik, Yilmaz Güney",Turkish,Turkey,6.5,197,tt0066742
313,Aci ile karisik,1969,95,Comedy,Tunç Basaran,"Tunç Basaran, Sadik Sendil, Ahmet Üstel","Sadri Alisik, Selma Güneri, Birsen Ayda",Turkish,Turkey,7.1,149,tt0429516
315,Aci Dünya,1986,83,Drama,Ümit Efekan,Erdogan Tünas,"Tarik Akan, Harika Avci, Mümtaz Alpaslan",Turkish,Turkey,6.3,126,tt0429509
316,Buruk Aci,1969,87,"Drama, Romance",Nejat Saydam,"Bülent Oran, Nejat Saydam, Türkan Soray","Türkan Soray, Tanju Gürsu, Muzaffer Tema",Turkish,Turkey,6.1,96,tt0263168
318,Jesus is B(l)ack,2018,13,"Short, Comedy, Drama",Nitya López,Nitya López,"Ibon Belandia, Ane Pikaza",Spanish,Spain,N/A,N/A,tt9657150
319,"All Hands on Deck: Duck, Duck, Qu(ACK)",2018,5,Short,"Michael Alvarez, Andrew Cromartie","Michael Alvarez, Andrew Cromartie","Michael Alvarez, Andrew Cromartie",English,United States,N/A,N/A,tt11424974
320,Ack Attack: Fastest Bike in the World,2011,50,Documentary,Brian Leckey,Brian Leckey,N/A,English,USA,N/A,N/A,tt1999820
326,ACM Presents: An All-Star Salute to the Troops,2014,120,Music,N/A,N/A,"The Band Perry, Florida Georgia Line, Merle Haggard, Lady Antebellum",English,USA,N/A,N/A,tt3551622
327,ACM Presents: Superstar Duets!,2015,120,Music,N/A,N/A,"Dwight Yoakam, Miranda Lambert, Luke Bryan, Kenny Chesney",English,USA,N/A,N/A,tt4504490
329,11th Annual ACM Honors,2017,120,Music,N/A,N/A,"Jason Aldean, Kelsea Ballerini, Bobby Bones, Ross Copperman",English,USA,N/A,N/A,tt7356582
333,ACM Awards Red Carpet Show,2022,60,Musical,Richard A. Preuss,N/A,"Priscilla Block, Zuri Hall, Maren Morris",English,United States,N/A,N/A,tt18924210
334,Nervos de Aço,2016,90,"Drama, Musical",Maurice Capovilla,Maurice Capovilla,"Antonio Luiz Barker, Arrigo Barnabé, Matias Capovilla",Portuguese,Brazil,5.2,14,tt4975468
336,Máscara de Aço contra Abismo Azul,1989,64,Biography,Paulo Rocha,Paulo Rocha,"Fernando Heitor, Inês de Medeiros, Vítor Norte, Miguel Guilherme",Portuguese,Portugal,6.5,11,tt0273860
341,ACO Virtual,2013,36,"Short, Music",Michela Ledwidge,N/A,"Richard Tognetti, Satu Vänskä, Madeleine Boud, Rebecca Chan",English,Australia,N/A,N/A,tt3319868
342,The Blanket of Aco Shopov,1996,14,"Short, Fantasy",Igor Ivanov Izi,N/A,"Mitko Gashtarovski, Aco Pljum, Stefan Sidovski",Macedonian,Republic of Macedonia,N/A,N/A,tt3354688
344,ACP Ranveer,2012,169,Action,Sudhakar Basanta,"Bijaya Malla, Anubhav Mohanty","Sofia Alam, Illu Banarjee, Sudhakar Basanta",Oriya,India,6.4,17,tt2929950
346,Feature Film Lighting: Russell Boyd A.C.S. Interviewed by Peter Thompson,1985,57,N/A,John Wiggins,N/A,"Russell Boyd, Peter Thompson",English,Australia,N/A,N/A,tt1820439
347,ACS Repair: The Challenge to Fix Hubble's Best Survey Camera,2008,5,"Short, News",N/A,Mike McClare,N/A,English,United States,N/A,N/A,tt1821315
349,Sister Act,1992,100,"Comedy, Family, Music",Emile Ardolino,Paul Rudnick,"Whoopi Goldberg, Maggie Smith, Kathy Najimy",English,United States,6.5,"97,224",tt0105417
350,Act of Valor,2012,110,"Action, Adventure, Thriller","Mike McCoy, Scott Waugh",Kurt Johnstad,"Alex Veadov, Roselyn Sanchez, Nestor Serrano","Filipino, English, Russian, Spanish",United States,6.4,"68,821",tt1591479
351,Sister Act 2: Back in the Habit,1993,107,"Comedy, Family, Music",Bill Duke,"James Orr, Jim Cruickshank, Judi Ann Mason","Whoopi Goldberg, Kathy Najimy, Maggie Smith",English,United States,5.6,"53,311",tt0108147
352,The Act of Killing,2012,117,"Documentary, Biography, Crime","Joshua Oppenheimer, Anonymous, Christine Cynn",N/A,"Anwar Congo, Herman Koto, Syamsul Arifin","Indonesian, English","United Kingdom, Denmark, Norway",8.2,"37,684",tt2375605
353,Second Act,2018,103,"Comedy, Drama, Romance",Peter Segal,"Justin Zackham, Elaine Goldsmith-Thomas","Jennifer Lopez, Vanessa Hudgens, Leah Remini","English, Mandarin",United States,5.8,"27,050",tt2126357
355,Act of Vengeance,2010,119,Action,Mahsun Kirmizigül,Mahsun Kirmizigül,"Haluk Bilginer, Danny Glover, Gina Gershon","Turkish, English","Turkey, United States",5.7,"15,071",tt1686039
356,The Children Act,2017,105,Drama,Richard Eyre,Ian McEwan,"Emma Thompson, Stanley Tucci, Anjana Vasan",English,"United Kingdom, United States",6.7,"13,019",tt6040662
357,Class Act,1992,98,Comedy,Randall Miller,"Michael Swerdlick, Wayne Allan Rice, Richard Brenne","Christopher Reid, Christopher Martin, Andre Rosey Brown",English,United States,6.0,"7,602",tt0103978
371,Ada: Zombilerin Dügünü,2010,77,"Comedy, Horror","Murat Emir Eren, Talip Ertürk","Murat Emir Eren, Talip Ertürk","Ozan Ayhan, Esra Rusan, Onur Buldu",Turkish,Turkey,5.3,"1,579",tt1570538
373,Conceiving Ada,1997,85,"Drama, Fantasy, Sci-Fi",Lynn Hershman-Leeson,"Lynn Hershman-Leeson, Eileen Jones, Sadie Plant","Tilda Swinton, Francesca Faridany, Timothy Leary",English,"United States, Germany",5.0,500,tt0118882
375,Ada Hantu,2021,99,Horror,Hairul Azreen,"Adrian Teh, Amar Amir","Zahiril Adzim, Shiqin Kamal, Hairul Azreen",Malay,Malaysia,6.6,140,tt14987378
376,For the Love of Ada,1972,88,"Comedy, Romance",Ronnie Baxter,"Harry Driver, Vince Powell","Irene Handl, Wilfred Pickles, Barbara Mitchell",English,United Kingdom,5.8,137,tt0296640
378,Sexy Harem Ada-Kaleh,2001,104,Comedy,Mircea Muresan,N/A,"Stefan Banica Jr., Alexandru Arsinel, Ileana Stana Ionescu",Romanian,Romania,4.7,119,tt0282963
379,"Ada, Don't Do That!",1936,82,"Comedy, Musical",Konrad Tom,"Zygmunt Mayflauer, Konrad Tom","Antoni Fertner, Loda Niemirzanka, Kazimierz Junosza-Stepowski",Polish,Poland,6.8,110,tt0027257
380,Iz ada v ad,1996,90,"Drama, War",Dmitriy Astrakhan,"Artur Brauner, Oleg Danilov","Valeria Valeeva, Anja Kling, Gennadi Svir","German, Russian, Yiddish","Belarus, Germany, Russia",6.5,109,tt0116368
382,Just Add Water,2008,95,"Comedy, Romance",Hart Bochner,Hart Bochner,"Dylan Walsh, Jonah Hill, Justin Long",English,United States,5.6,"3,090",tt0790723
384,Just Add Romance,2019,83,Romance,Terry Ingram,Karen Berger,"Meghann Fahy, Luke Macfarlane, Theresa Wong, Michelle Martin",English,USA,6.5,"1,151",tt9759926
385,Now Add Honey,2015,100,Comedy,Wayne Hope,Robyn Butler,"Robyn Butler, Lucinda Armstrong Hall, Lucy Fry",English,Australia,4.6,806,tt2577854
387,Hamlet A.D.D.,2014,100,"Animation, Comedy, Fantasy","Bobby Ciraldo, Andrew Swant","Andrew Swant, Bobby Ciraldo, William Shakespeare","Bobby Ciraldo, Robert Richard Jorge, Andrew Swant",English,United States,7.0,113,tt0892062
389,Just Add Love,1997,90,"Comedy, Romance",Jesse Griffith,"Tony Serdarusich, David A. Cole, Gregg Alfvegren","Wendie Malick, Richard Eden, Rolanda Mendelle",English,United States,7.2,59,tt0182256
390,Add Me,2015,5,"Short, Drama",Luke Mordue,Luke Mordue,"Russell Barnett, Laura Bayston, Josephine Carter",English,United Kingdom,9.4,49,tt5088308
391,Winter adé,1989,116,Documentary,Helke Misselwitz,"Helke Misselwitz, Thomas Plenert",Helke Misselwitz,German,East Germany,8.3,89,tt0094329
396,Ade Raaga Ade Haadu,1989,159,"Horror, Thriller",N/A,N/A,"Shivarajkumar, Seema, Srinath, Thoogudeepa Srinivas",Kannada,India,7.5,6,tt7901698
400,Nakkare Ade Swarga,1967,137,N/A,M.R. Vittal,"R.N. Jayagopal, M.R. Vittal","Jayanthi, B. Kamalamma, Dikki Madhava Rao",Kannada,India,N/A,N/A,tt14736852
401,Wählt ADF,1969,15,"Documentary, Short",Lutz Mommartz,N/A,Norbert Stratmann,German,West Germany,N/A,N/A,tt7321928
403,Adh Chanani Raat,2022,109,Drama,Gurvinder Singh,"Gurdial Singh, Gurvinder Singh, Jasdeep Singh","S.S. Dhiman, Veera Gill, Samuel John",Punjabi,India,N/A,N/A,tt12418202
404,Adi Kapyare Kootamani,2015,131,"Comedy, Horror",John Varghese,"Abhilash S. Nair, John Varghese","Dhyan Sreenivasan, Mukesh, Namitha Pramod",Malayalam,India,6.4,"1,498",tt5271432
405,Adi Vasfiye,1985,90,"Drama, Fantasy",Atif Yilmaz,"Necati Cumali, Baris Pirhasan","Müjde Ar, Aytaç Arman, Yilmaz Zafer",Turkish,Turkey,7.3,991,tt0147822
407,Kadinin adi yok,1988,92,Drama,Atif Yilmaz,"Duygu Asena, Baris Pirhasan","Aytaç Arman, Hale Soygazi, Tarik Tarcan",Turkish,Turkey,6.4,397,tt0756308
408,Sri Jagadguru Adi Shankara,2013,128,Drama,J.K. Bharavi,N/A,"Kaushik Babu, Chiranjeevi, Nagarjuna Akkineni",Telugu,India,6.1,303,tt3129396
409,Adi Shankaracharya,1983,130,"Biography, Drama",G.V. Iyer,"Govindacharya Bannanje, G.V. Iyer","Sarvadaman Banerjee, M.V. Narayana Rao, Manjunath Bhatt","Sanskrit, Hindi",India,7.6,270,tt0085138
412,Dekker & Adi - Wer bremst verliert!,2008,93,Action,Sebastian Vigg,"Arne Nolting, Jan Martin Scharf, Don Schubert","Mark Keller, Kaya Yanar, Nadeshda Brennicke",German,"Germany, Switzerland",3.6,158,tt1248917
414,Adj király katonát,1983,113,Drama,Pál Erdöss,István Kardos,"Erika Ozsda, Andrea Szendrei, Dénes Diczházy",Hungarian,Hungary,7.5,65,tt0083522
415,"Erdö, adj menedéket!",1977,16,"Documentary, Short",Imre Schuller,Imre Schuller,N/A,Hungarian,Hungary,N/A,N/A,tt4938878
416,ADJ,1981,142,"Action, Drama, Family","Murtaza Qureshi Chaudhry, Aslam Dar",Sheikh Iqbal (story),"Sultan Rahi, Aasia, Durdana Rehman, Waheed Murad",Punjabi,Pakistan,N/A,N/A,tt11243034
417,The ADK,2015,90,Drama,Shoja Azari,"Johnny Azari, Johnny Azari, Shoja Azari, Shoja Azari, Ahmad Diba, Ahmad Diba","Natalie Hall, JJ Condon, Ismael Cruz Cordova, Brock Harris",English,USA,N/A,N/A,tt4054436
420,ADM: DOP (Anthony Dod Mantle - Director of Photography),2003,12,"Documentary, Short",Shari Roman,N/A,Anthony Dod Mantle,English,"United Kingdom, United States",N/A,9,tt0388677
427,ADN: La prueba,2005,80,Drama,Mauricio Walerstein,N/A,"Mónica Dionne, José Esqueda, Alejandro Guerrero, Bernardo Hernández",Spanish,Mexico,N/A,N/A,tt1404002
428,Adn,2015,10,"Short, Action, Sci-Fi","Thibault Turcas, Nicolas Vert","Thibault Turcas, Nicolas Vert","Mohamed Mahayni, Ivan Le Jan, Julia Gratens, Anthony Darche",French,France,N/A,N/A,tt4331434
437,Much Ado About Christmas,2021,85,"Drama, Family, Fantasy",Michael Damian,"Janeen Damian, Michael Damian","Susie Abromeit, Torrance Coombs, James Rottger",English,United States,6.9,466,tt11585172
438,Much Ado About Mousing,1964,7,"Family, Animation, Short","Chuck Jones, Maurice Noble",Michael Maltese,Mel Blanc,English,United States,6.3,408,tt0058380
439,Much Ado About Nutting,1953,7,"Family, Animation, Short",Chuck Jones,Michael Maltese,N/A,English,United States,7.5,339,tt0046101
445,MIB ADR,2002,9,"Documentary, Short",Michelle Palmer,N/A,"Tim Blaney, Lara Flynn Boyle, Juno J. Ellis, Johnny Knoxville",English,USA,4.5,37,tt0337665
447,Adult A.D.R.,2019,28,"Short, Comedy","Chris Goodwin, Topher Hansson",Chris Goodwin (Written by),"Anna Rizzo, Chris Goodwin, Nat Michelle, Codey Gillum",English,USA,N/A,N/A,tt10641316
448,ADR,2020,6,"Short, Comedy",Lucas Echikson,"Lucas Echikson, Chris Lombardi","Christian DeAnna, Chris Lombardi, Max Vallino",English,United States,N/A,N/A,tt12970476
449,The King of Ads,1991,74,Documentary,"Jean-Marie Boursicot, Ricardo Albiñana, Jean-Jacques Annaud",Jean-Marie Boursicot,"Grace Jones, Vanessa Paradis, Emmanuelle Seigner","English, French, Italian","United Kingdom, France, Italy, Spain, Russia, United States, Switzerland",5.4,276,tt2243597
450,The 100 Greatest TV Ads,2000,165,N/A,N/A,Matt Brito,"Graham Norton, Cliff Adams, Mark Arden, Leslie Ash",English,UK,6.8,73,tt0241140
452,"The King of Ads, Part 2",1993,56,Documentary,"Jean-Jacques Beineix, Jean-Marie Boursicot, Jean-Pierre Jeunet",Jean-Marie Boursicot,Carole Bouquet,"English, French, Italian","France, United Kingdom, Italy, Switzerland",6.1,37,tt8293244
454,Best Ever Ads 2,2006,60,Documentary,"Adam Levy, Helen Spencer",N/A,"Phillip Schofield, Leslie Ash, Tony Blackburn, Neill Blomkamp",English,UK,8.0,16,tt0815110
457,Toni Segarra. The Ads Writer,2016,68,Documentary,Jose Manuel Pinillo,Jose Manuel Pinillo,N/A,Spanish,Spain,5.8,6,tt5536064
458,Best Ever Ads,2005,60,Documentary,"Stuart Ramsay, Jason Beresford",Jason Beresford (links),"Phillip Schofield, Michael Aspel, Bill Backer, John Barrie-Bates",English,UK,6.8,6,tt0479930
464,Tök az adu,1967,53,N/A,János Dömölky,Barna Sipkay,"Mari Szemes, István Avar, Dezsö Garas, Hilda Gobbi",Hungarian,Hungary,N/A,N/A,tt7166368
465,Adv. Lakshmanan Ladies Only,2010,121,"Comedy, Drama",Pappan Payattuvila,K.S. Padmakumar,"Kollam Ajith, Anand, Asokan",Malayalam,India,2.3,31,tt1810528
468,Ady,1938,1,"Documentary, Short",Man Ray,N/A,"Ady Fidelin, Man Ray",None,France,5.5,41,tt3416906
469,Semeyka Ady,2008,100,Comedy,Eldar Salavatov,Viktoriya Bugaeva,"Mikhail Efremov, Ilya Filatov, Taya Katyusha",Russian,Russia,6.8,36,tt1010450
470,Bahlam ala ady,2012,12,"Short, Drama",Tarek Abdelwareth,N/A,"Farah Ayman, Ezz el Deen el Abd, Abdou Mohamed",Arabic,Egypt,N/A,N/A,tt2291106
471,Ady-novellák,1978,70,N/A,Károly Kazimir,N/A,"Gyula Benkö, Péter Benkö, Andrea Drahota, Cecília Esztergályos",Hungarian,Hungary,N/A,N/A,tt0131706
473,Aea,2019,16,"Short, Drama",Dustin Nowlin,"Dustin Nowlin (story by), Zachary Smith","Rachel Strongoli, Chuck French, Juliana Perel, Nico Zahniser",English,USA,N/A,N/A,tt5995648
476,Nak og æd,2014,16,"Short, Drama",Frida Edeltoft Gammelgaard,Frida Edeltoft Gammelgaard,"Ferdinand Gomez Glad Bak, Kenneth Jeberg Christensen","Danish, English",Denmark,9.0,8,tt4466538
477,Aeg maha,1985,9,"Animation, Short, Comedy",Priit Pärn,Priit Pärn,N/A,N/A,Soviet Union,6.8,295,tt0383174
478,Aeg ei peatu,2012,22,"Short, Comedy, Romance",Moonika Siimets,Moonika Siimets,"Carita Vaikjärv, Ene Järvis, Feliks Kark",Estonian,Estonia,6.8,9,tt2262194
479,Aeg,1983,11,"Documentary, Short",Mark-Toomas Soosaar,"Mark-Toomas Soosaar, Enn Säde",N/A,N/A,Soviet Union,N/A,N/A,tt2447992
480,Aeg on Siin,2010,75,Documentary,Marje Jurtsenko,N/A,N/A,Estonian,Estonia,N/A,N/A,tt2520388
483,AEG & Mastercard: A Priceless Partnership,2012,9,Short,John Stewart Muller,N/A,"Christopher Close, Courtney Harris, Grant Jordan, Amanda Lippert",English,USA,N/A,N/A,tt12221492
485,Kasvamise aeg,2004,55,Documentary,Arvo Iho,N/A,N/A,Estonian,Estonia,N/A,N/A,tt0842572
487,"Hello AeH: Deck, Freighter Travel Not Only for Beginners",2015,41,"Documentary, Adventure",Norbert Panke,Norbert Panke,N/A,German,Germany,N/A,N/A,tt4703770
492,Aei Maatite (On This Land),2017,140,Drama,Sitanath Lahkar,Sitanath Lahkar,"Rupam Chetia, Monisha Goswami, Jhon Narzary",Assamese,India,N/A,N/A,tt12837432
494,Aei Morom Tumar Babe,2001,165,Romance,Taufiq Rahman,N/A,"Jatin Bora, Jayanta Das, Prastuti Parasar",Assamese,India,N/A,N/A,tt16059518
495,Aek-baar,2015,9,"Documentary, Short, Comedy",Kabeer Ghosh,Kabeer Ghosh,Jagdish Rajpurohit,Hindi,India,N/A,N/A,tt5144580
498,Sejle op ad åen,1972,62,N/A,Henning Ørnbak,Finn Methling,"Laila Andersson, Birgit Conradi, Ole Ernst, Carla Hansen",Danish,Denmark,N/A,N/A,tt0329580
502,Gang chanee kap ee-aep,2006,117,Comedy,Yongyoot Thongkongtoon,"Aummaraporn Phandintong, Benjamaporn Srabua","Patcharasri Benjamas, Meesuk Jaengmeesuk, Pimolwan Suphayang",Thai,Thailand,5.9,115,tt0817907
503,AEP: Legacy and Vision,2014,8,"Documentary, Short","Laurel Powers, Richard Smith III","Philip R. Garrett, Ron Saks","Lisa Barton, Rick Byron, Jeff Fleeman, Rebekah Hovermale",English,USA,N/A,N/A,tt4241976
513,AEW Womens World Championship Eliminator Tournament Round 2 from Japan and United States,2021,62,"Action, Sport",N/A,N/A,"Britt Baker, Tanea Brooks, Aja Kong, Taynara Melo","Japanese, English",USA,N/A,N/A,tt14117014
516,Afa,1988,12,"Documentary, Short",Andrzej Dec-Williams,N/A,N/A,Polish,Poland,N/A,N/A,tt0498279
531,Störfall AfD - Das Netz der Rechten,2019,45,Documentary,Nathalie Boegel,Nathalie Boegel,"Tom Mannewitz, Tom Thieme, Melanie Amann",German,Germany,N/A,N/A,tt10718298
533,"Schimpo, was macht ein Aff' in Afrika?",1979,90,N/A,Karin Fischer,"Heinz Neubert, Wolfgang Delfs","Willy Kübler, Georg Thomalla",N/A,West Germany,N/A,N/A,tt0079862
539,AFI Life Achievement Award: A Tribute to Bette Davis,1977,90,Documentary,N/A,N/A,"Bette Davis, Olivia de Havilland, Peter Falk, Mia Farrow",English,USA,9.4,392,tt0268599
540,AFI Life Achievement Award: A Tribute to John Williams,2016,66,Biography,Louis J. Horvitz,Jon Macks,"J.J. Abrams, Drew Barrymore, Loren Battley, Kobe Bryant",English,USA,3.7,298,tt5817814
542,AFI Life Achievement Award: A Tribute to Clint Eastwood,1996,60,Documentary,Louis J. Horvitz,"Judd Apatow (special material: Jim Carrey), Robert Shrum, George Stevens Jr.","Clint Eastwood, Jim Carrey, Rene Russo, Don Rickles",English,USA,5.2,224,tt0156039
543,AFI Life Achievement Award: A Tribute to Meryl Streep,2004,120,Biography,Louis J. Horvitz,Bob Gazzale,"Meryl Streep, Jim Carrey, Robert De Niro, Mike Nichols",English,USA,7.8,215,tt0461644
544,AFI Life Achievement Award: A Tribute to George Lucas,2005,120,Biography,Louis J. Horvitz,Bob Gazzale,"Melissa Disney, Carole Bayer Sager, Warren Beatty, Tom Brink",English,USA,7.2,204,tt0466641
545,AFI Life Achievement Award: A Tribute to Alfred Hitchcock,1979,100,Documentary,Marty Pasetta,N/A,"Judith Anderson, Ned Beatty, Ingrid Bergman, Mel Brooks",English,USA,7.6,197,tt0268597
549,TPB AFK: The Pirate Bay Away from Keyboard,2013,85,Documentary,Simon Klose,N/A,"Gottfrid Svartholm, Peter Sunde, Fredrik Neij","Swedish, English","Sweden, Denmark, Norway, United Kingdom, Netherlands, Germany",7.4,"13,705",tt2608732
552,AFK: Heroes of Prophecy,2011,96,"Adventure, Comedy, Fantasy","Scott Williams, Joshua Jones","Joshua Jones, Scott Williams","Daniel Kohl, Joshua D. Russell, Marnie Liesel",English,United States,7.2,19,tt2206002
553,/Afk,2010,26,"Short, Comedy, Drama",Benjamin Dressler,N/A,"Bill Dean, Sonja Gruhn, Crystal Savin, Martin Schnuerch",English,"Germany, USA",7.6,14,tt1858718
564,2010 AFL Grand Final Replay,2010,180,Sport,N/A,N/A,"Steven Baker, Luke Ball, Dayne Beams",English,Australia,8.1,16,tt2123883
567,2010 AFL Grand Final Draw,2010,180,Sport,N/A,N/A,"Steven Baker, Luke Ball, Dayne Beams",English,Australia,6.3,11,tt2121717
569,AFM Presents America's Fashion Awards,2019,120,N/A,Xander Nicolai,Xander Nicolai,Kelsey Jackson,English,United States,N/A,N/A,tt9099700
572,Radio Star - die AFN-Story,1995,94,Documentary,"Hannes Karnick, Wolfgang Richter","Hannes Karnick, Wolfgang Richter","Johnny Cash, Trent Christman, Steve Craig, Adrian Cronauer",N/A,N/A,7.7,7,tt0110937
576,AFR,2007,83,Drama,Morten Hartz Kaplers,"Allan Milter Jakobsen, Morten Hartz Kaplers","Rashid Aitouganov, Kofi Annan, Reimer Bo Christensen",Danish,Denmark,5.2,471,tt0369878
577,NCIS: Season 10 - 10 Years Aft,2013,13,Short,N/A,N/A,"Robert J. Bacon, Cote de Pablo, Brian Dietzen, Avery C. Drewe",English,USA,9.4,5,tt3468870
579,All Square Aft,1956,30,"Short, Drama",Gerard Bryant,N/A,"Robert Desmond, John Harvey, Charles Lamb, Norman Pierce",English,UK,N/A,N/A,tt1980035
580,Afu,2018,25,"Short, Fantasy, Mystery",Tzu-Yu Lin,Tzu-Yu Lin,N/A,Cantonese,Macao,N/A,N/A,tt8586292
581,"AFV: America, This is You!",2019,43,Documentary,Jonathan Buss,N/A,"Tom Bergeron, Vin Di Bona, Daisy Fuentes, Bob Iger",English,USA,N/A,N/A,tt11778920
583,Zügürt Aga,1985,101,"Comedy, Drama",Nesli Çölgeçen,Yavuz Turgul,"Sener Sen, Erdal Özyagcilar, Nilgün Nazli",Turkish,Turkey,8.7,"15,179",tt0201368
584,Ága,2018,96,Drama,Milko Lazarov,"Simeon Ventsislavov, Milko Lazarov","Mikhail Aprosimov, Feodosia Ivanova, Sergei Egorov",Yakut,"Bulgaria, Germany, France",7.2,"1,407",tt7909444
585,Aga Bai Arecha,2004,100,"Comedy, Family, Fantasy",Kedar Shinde,N/A,"Sanjay Narvekar, Priyanka Yadav, Bharti Achrekar",Marathi,India,7.4,671,tt1149199
586,Öz Hakiki Karakol: Asayis Berkemal Aga...,2012,85,Comedy,Ibrahim Güler,"Erdal Bektas, Ibrahim Güler","Cengiz Bozkurt, Emin Maltepe, Serkan Genç",Turkish,Turkey,4.0,334,tt2145258
588,A koppányi aga testamentuma,1967,92,"Adventure, Comedy, Drama",Éva Zsurzs,"Imre Bencsik, István Fekete, Éva Zsurzs","Ferenc Bessenyei, Klári Tolnay, Péter Benkö",Hungarian,Hungary,7.0,263,tt0061881
590,Aga Bai Arechyaa 2,2015,131,Comedy,Kedar Shinde,Omkar Mangesh Datt,"Sonali Kulkarni, Bharat Jadhav, Siddarth Jadhav",Marathi,India,5.9,65,tt4652096
592,Aga Düsen Kadin,1979,78,Drama,Yücel Uçanoglu,Yücel Uçanoglu,"Zerrin Egeliler, Handan Adali, Zerrin Dogan",Turkish,Turkey,6.5,41,tt0967478
594,Avengers: Age of Ultron,2015,141,"Action, Adventure, Sci-Fi",Joss Whedon,"Joss Whedon, Stan Lee, Jack Kirby","Robert Downey Jr., Chris Evans, Mark Ruffalo","English, Korean",United States,7.3,"833,105",tt2395427
595,Ice Age,2002,81,"Animation, Adventure, Comedy","Chris Wedge, Carlos Saldanha","Michael J. Wilson, Michael Berg, Peter Ackerman","Denis Leary, John Leguizamo, Ray Romano",English,United States,7.5,"473,712",tt0268380
596,Transformers: Age of Extinction,2014,165,"Action, Adventure, Sci-Fi",Michael Bay,Ehren Kruger,"Mark Wahlberg, Nicola Peltz Beckham, Jack Reynor","Chinese, English","United States, China, Hong Kong",5.6,"310,787",tt2109248
597,Ice Age 2: The Meltdown,2006,91,"Animation, Adventure, Comedy",Carlos Saldanha,"Peter Gaulke, Gerry Swallow, Jim Hecht","Ray Romano, John Leguizamo, Denis Leary",English,United States,6.8,"273,780",tt0438097
598,Ice Age 3: Dawn of the Dinosaurs,2009,94,"Animation, Adventure, Comedy","Carlos Saldanha, Michael Thurmeier","Michael Berg, Peter Ackerman, Mike Reiss","Ray Romano, John Leguizamo, Denis Leary",English,United States,6.9,"241,223",tt1080016
599,Ice Age 4: Continental Drift,2012,88,"Animation, Adventure, Comedy","Steve Martino, Michael Thurmeier","Michael Berg, Jason Fuchs, Lori Forte","Ray Romano, Denis Leary, John Leguizamo",English,United States,6.5,"205,447",tt1667889
600,The Age of Adaline,2015,112,"Drama, Fantasy, Romance",Lee Toland Krieger,"J. Mills Goodloe, Salvador Paskowitz","Blake Lively, Michiel Huisman, Harrison Ford","English, Portuguese, Italian","United States, Canada",7.2,"172,310",tt1655441
601,Elizabeth: The Golden Age,2007,114,"Biography, Drama, History",Shekhar Kapur,"William Nicholson, Michael Hirst","Cate Blanchett, Clive Owen, Geoffrey Rush","English, Spanish, Swedish","United Kingdom, France, Germany, United States",6.8,"71,067",tt0414055
602,Ice Age 5: Collision Course,2016,94,"Animation, Adventure, Comedy","Michael Thurmeier, Galen T. Chu","Michael J. Wilson, Michael Berg, Yoni Brenner","Ray Romano, Denis Leary, John Leguizamo",English,United States,5.6,"65,460",tt3416828
603,The Age of Innocence,1993,139,"Drama, Romance",Martin Scorsese,"Edith Wharton, Jay Cocks, Martin Scorsese","Daniel Day-Lewis, Michelle Pfeiffer, Winona Ryder","English, Italian, French",United States,7.2,"59,271",tt0106226
605,Agg,2015,11,"Short, Drama, Family",Ståle Stein Berg,Ståle Stein Berg,"Ilia Elektra Berg Stojcevska, Alva Pauline Gjerde, Christina Lande",Norwegian,Norway,N/A,N/A,tt4076662
606,Kan tigrar få ägg?,1982,30,Family,Margareta Krantz,N/A,"Tomas Bolme, Nils Brandt, Robert Broberg, Pierre Dahlander",Swedish,Sweden,N/A,N/A,tt6604270
609,Dushmani Dee Agg,1990,128,Action,Veerendra,"Ravinder Ravi, Veerendra","Veerendra, Gurdas Maan, Sharndeep Bains",Punjabi,India,N/A,N/A,tt2038259
611,Agh atly oghlan,1995,64,"Drama, War",N/A,N/A,"Sadaya Mustafayeva, Orkhan Nadirov, Ruslan Nasirov",Azerbaijani,Azerbaijan,6.2,19,tt4265750
612,Agh Ghala,1985,27,"Short, Documentary",Akbar Golrang,N/A,N/A,N/A,Iran,N/A,N/A,tt12821832
613,Simple Agi Ondh Love Story,2013,130,"Comedy, Romance",Suni,N/A,"Rakshit Shetty, Shwetha Srivatsav, Srinagar Kitty",Kannada,India,8.0,"2,273",tt3006576
614,Kaos örümcek agi,2012,98,Action,Cem Gul,Tolga Kücük,"Gökhan Mumcu, Rojda Demirer, Cemal Hünal",Turkish,Turkey,3.0,309,tt2261721
615,Agi Murad il diavolo bianco,1959,91,"Action, Adventure, Drama",Riccardo Freda,"Lev Tolstoy, Gino De Santis, Ákos Tolnay","Steve Reeves, Giorgia Moll, Scilla Gabel",Italian,"Italy, Yugoslavia",5.1,299,tt0052538
616,Agi and Emma,2007,86,Family,Milutin Petrovic,"Igor Kolarov, Milutin Petrovic","Stefan Lazarevic, Milena Dravic, Ana Sofrenovic",Serbian,Serbia,7.1,72,tt0495795
620,Hurop-Hurop Kan Kapadagusan Kan Agi-Agi Kan Gamgam Na Adarna,2021,10,"Short, Fantasy",Kristian Cordero,Kristian Cordero,N/A,Filipino,Philippines,N/A,N/A,tt15458230
622,Agi kijin no ikari,1984,80,N/A,Hikari Hayakawa,N/A,Shingo Egami,Japanese,Japan,N/A,N/A,tt0229203
623,Los últimos guerrilleros: historia de la A.G.L. (Agrupación Guerrillera de Levante),2003,52,Documentary,José Vicente Viadel,José Vicente Viadel,N/A,Spanish,Spain,N/A,N/A,tt0429285
625,30 Years Ago,2016,145,"Drama, Thriller",Amr Arafa,Ayman Bahgat Kamar,"Ahmed el-Sakka, Mohamed Ibrahim, Mona Zaki",Arabic,Egypt,7.0,"2,014",tt5680626
626,Many Wars Ago,1970,100,"Drama, War",Francesco Rosi,"Tonino Guerra, Raffaele La Capria, Francesco Rosi","Mark Frechette, Alain Cuny, Gian Maria Volontè",Italian,"Italy, Yugoslavia",7.6,"1,658",tt0066511
627,A Year Ago in Winter,2008,129,Drama,Caroline Link,"Caroline Link, Scott Campbell","Karoline Herfurth, Josef Bierbichler, Corinna Harfouch","German, English","Germany, United States",7.1,"1,592",tt0452580
630,"Long Ago, Tomorrow",1971,110,"Drama, Romance",Bryan Forbes,"Peter Marshall, Bryan Forbes","Malcolm McDowell, Nanette Newman, Georgia Brown",English,United Kingdom,6.9,536,tt0067357
631,11 Minutes Ago,2007,83,"Romance, Sci-Fi",Bob Gebert,Bob Gebert,"Ian Michaels, Christina Mauro, Evan Lee Dahl",English,United States,6.3,420,tt0423783
632,Long Long Time Ago,2016,107,"Comedy, Drama",Jack Neo,"Ivan Ho, Jack Neo, Link Sng","Aileen Tan, Mark Lee, Wang Lei","Hokkien, Malay, Mandarin",Singapore,6.7,189,tt5291232
633,Long Long Time Ago 2,2016,122,"Comedy, Drama",Jack Neo,"Ivan Ho, Jack Neo, Link Sng","Aileen Tan, Mark Lee, Wang Lei","Hokkien, Mandarin, Malay, Tamil",Singapore,6.9,126,tt5531934
635,AGP Schizophrenia,2022,111,Thriller,Ramesh Subramaniyan,N/A,"R.V. Bharathan, Sai Jivitha, Lakshmi Menon",Tamil,India,3.5,64,tt15654318
636,A.G.R.,2010,2,"Short, Comedy",Jason S. Nou,Jason S. Nou,"Jonathan Hesbol, Veronica Lam, Rachel Yong",English,USA,5.0,10,tt1756385
643,Agu Sihvka annab aru,1970,24,"Short, Comedy, Drama",Elvi Koppel,Jaan Rannap,"Heikki Koort, Jüri Järvet Jr., Edvin Lepikson",Estonian,Soviet Union,4.7,12,tt2452496
645,The Beach Chronicles AGX P2,2011,12,"Animation, Short, Action",Kevin Sharpley,Kevin Sharpley,"Jimmy Jean Louis, Karin Kelts, Iva Kosovic, Brenda Nieborsky",N/A,USA,N/A,N/A,tt2212190
646,The Beach Chronicles AGX P1,2012,14,"Animation, Short, Action",Kevin Sharpley,Kevin Sharpley,N/A,English,USA,N/A,N/A,tt2212240
647,The Beach Chronicles AGX,2012,30,"Animation, Short, Action",Kevin Sharpley,Kevin Sharpley,"Justiin A. Davis, Carlos Guerrero, Rey Hernandez, Jimmy Jean-Louis",English,USA,N/A,N/A,tt3326082
648,Két férfi az ágy alatt,1983,74,Comedy,Tivadar Horváth,"Fyodor Dostoevsky (novel), Péter Geszti (screenplay), Armand Szántó (screenplay), Mihály Szécsen (screenplay)","Miklós Benedek, László Csákányi, Judit Hernádi, Tivadar Horváth",Hungarian,Hungary,N/A,N/A,tt2394406
649,Családi ágy,1963,32,N/A,Ferenc Szécsi,Jan de Hartog,"Miklós Gábor, Klári Tolnay",Hungarian,Hungary,N/A,N/A,tt5869556
652,Aha!,2007,128,"Drama, Romance",Enamul Karim Nirjhar,Enamul Karim Nirjhar,"Sathi Yasmin, Humayun Faridi, Tariq Anam Khan",Bengali,Bangladesh,7.4,302,tt1081915
662,Mumbai Apli Ahe,2019,132,Drama,Bharat Sunanda,"Vinod Jadhav, Bharat Sunanda","Raqesh Bapat, Mayur Bhatkar, Yogita Chavan",Indian Sign ,India,N/A,20,tt9592364
668,"Ahh, Youth!",2009,22,"Short, Thriller",Terry Mialkowsky,Terry Mialkowsky,"Shannon Jardine, Michael Eisner, Alex Diakun",English,Canada,N/A,N/A,tt1396434
670,Diary-Ahh of a Mad Independent Filmmaker,2009,20,"Documentary, Short",Lloyd Kaufman,Henry Weintraub,"Meghan Birr, Polly Birr, Lorien Emmerich, Leif Fuller",English,USA,N/A,N/A,tt1981626
671,Ahh... San Francisco,2014,13,"Documentary, Short, History",Barrett Edmonds,Herb Caen,Peter Coyote,English,United States,N/A,N/A,tt3457766
672,"Åhh, Action!",2005,51,Documentary,"Vera Weber, Henric Brandt","Henric Brandt, Vera Weber","Kjell Andersson, Linus Andersson, Stefan Bommelin, Henric Brandt",Swedish,Sweden,N/A,N/A,tt0466268
674,Ahí viene Martín Corona,1952,87,"Comedy, Drama, Western",Miguel Zacarías,"Álvaro Gálvez y Fuentes, Paulino Masip","Pedro Infante, Sara Montiel, Eulalio González",Spanish,Mexico,7.1,148,tt0043267
675,¿Estás ahí?,2011,73,"Comedy, Fantasy, Romance",Roberto Santiago,"Javier Daulte, Pablo Fernández Vázquez, Roberto Santiago","Gorka Otxoa, Miren Ibarguren, Carme Elias",Spanish,Spain,3.9,125,tt1490651
676,¡Ahí madre!,1970,90,Comedy,Rafael Baledón,"Rafael Baledón, Roberto Gómez Bolaños","Enrique Cuenca, Eduardo Manzano, Norma Lazareno",Spanish,Mexico,7.4,96,tt0181190
677,¡Ahí va otro recluta!,1960,77,Comedy,Ramón Fernández,Vicente Escrivá,"José Luis Ozores, José Luis Carbonell, Manuel Zarzo",Spanish,Spain,5.0,49,tt0054501
678,Ahí vienen los gorrones,1953,93,"Comedy, Drama",Gilberto Martínez Solares,"Juan García, Gilberto Martínez Solares","Lilia del Valle, Antonio Espino, Manuel Palacios",Spanish,Mexico,7.2,29,tt0044337
680,Yetimler ahi,1956,102,Drama,Muharrem Gürses,Muharrem Gürses,"Turan Seyfioglu, Muhterem Nur, Ahmet Tarik Tekçe",Turkish,Turkey,N/A,9,tt0337505
681,"1982, estuvimos ahí",2004,58,War,"Fernando Acuña, César Turturro",N/A,"Jorge Batalla, Robi Batalla, Julio Bianchimano, Federico Ferrari",Spanish,Argentina,7.1,7,tt1954196
682,Vivir Allí No Es el Infierno Es el Fuego del Desierto La Plenitud de la Vida Quedó Ahí Como un Árbol,2018,58,Drama,Javiera Veliz Fajardo,Javiera Veliz Fajardo,"Raúl López, Guillermo Morales, Sara Morales",Spanish,"Chile, Brazil",5.3,7,tt9640694
691,Uisa Ahn Jung-geun,1972,126,N/A,Dong-jin Ju,Jeong-seon Lee,"Jin Kyu Kim, Jeong-suk Moon",Korean,South Korea,3.3,7,tt0324352
698,Ahô... au coeur du monde primitif,1975,91,Documentary,"Daniel Bertolino, François Floquet","Daniel Bertolino, François Floquet",N/A,French,Canada,N/A,N/A,tt0211907
699,Beagle 38: una aho na....,2009,40,"Short, Comedy",N/A,N/A,"Motoshi Katô, Suguru Nakaya, Hiroshi Nose",Japanese,Japan,N/A,N/A,tt2403821
701,Chinpira burûsu: Do aho!,1996,83,N/A,Yoshifumi Ogasawara,Seigo Inoue,"Mirei Asaoka, Yûko Fujimori, Charlie Hama",Japanese,Japan,N/A,N/A,tt5585564
703,Wawd Ahp,2014,3,Short,"Josh Chertoff, Steve Girard",N/A,Steve Girard,English,United States,7.7,10,tt3488102
705,The [ahr-tuh-zen] Project: Jeremy Thomas,2012,10,"Documentary, Short, Biography",Ric Serena,N/A,N/A,English,USA,N/A,N/A,tt2217862
706,Ahr pee yair rah,2015,3,"Animation, Short","Dexter Davey, Mark Dawson",N/A,N/A,English,Australia,N/A,N/A,tt5347532
709,Ya zamene ahu,1970,25,"Documentary, Short",Parviz Kimiavi,N/A,N/A,Persian,Iran,7.2,33,tt0332524
711,Ahu,2021,14,"Short, Drama",Mahsa Razavi,Mahsa Razavi,"Yannick Bilan, Natasha Fiorino, Vinny G Memmolo",English,Canada,N/A,N/A,tt15738464
712,"Ahv, kes mängis Vene ruletti",2015,19,"Short, Action, Crime",Margus Raid,Kristo Jürmann,N/A,Estonian,Estonia,N/A,N/A,tt4500862
714,A Aia,1990,80,Drama,Rui Nunes,"Sérgio Godinho, Rui Nunes","Cândido Ferreira, Paula Fonseca, Diogo Infante, Elisabete Piecho",N/A,N/A,N/A,N/A,tt1556101
719,Aib #Cyberbully,2018,75,Horror,N/A,N/A,"Damita Argobie, Ade Ayu, Yuniza Icha",Indonesian,Indonesia,5.4,34,tt8590936
722,AIB Network Anti-Gun Violence PSA 2,2017,1,Short,Quyana Barrow,Quyana Barrow,Allen DeBerry,English,USA,N/A,N/A,tt6848968
723,Alice in Chains: AIC 23,2013,11,"Short, Comedy, Music",Peter Darley Miller,"Jerry Cantrell, Peter Darley Miller, W. Earl Brown","W. Earl Brown, Sean Kinney, William DuVall",English,United States,8.3,25,tt7153320
724,Band Aid,2017,91,"Comedy, Drama, Music",Zoe Lister-Jones,Zoe Lister-Jones,"Zoe Lister-Jones, Adam Pally, Fred Armisen",English,United States,6.6,"5,666",tt5816374
726,Queen Rock Montreal & Live Aid,2007,138,"Documentary, Music",Saul Swimmer,N/A,"John Deacon, Brian May, Freddie Mercury, Queen",English,UK,8.7,953,tt1421377
728,Tsunami Aid: A Concert of Hope,2005,120,Music,N/A,"Fred Bronson, Bridget Carpenter, Richard Christian Matheson, Eugene Pack, Randall Wallace","Ben Affleck, India Arie, Drew Barrymore, Angela Bassett",English,USA,6.5,126,tt0445772
729,Kamen Rider Heisei Generations Final: Build & Ex-Aid with Legend Riders,2017,91,"Action, Adventure, Fantasy",Kazuya Kamihoriuchi,"Shôgo Mutô, Yuya Takahashi","Atsuhiro Inukai, Hiroki Iijima, Shu Watanabe",Japanese,Japan,7.3,119,tt7472924
730,Band Aid: Do They Know It's Christmas?,1984,5,"Short, Music",Nigel Dick,N/A,Band Aid,English,UK,7.2,103,tt6773266
731,Kamen Rider Heisei Generations: Dr. Pac-Man vs. Ex-Aid & Ghost with Legend Rider,2016,89,"Action, Adventure, Fantasy",Koichi Sakamoto,Yuya Takahashi,"Shun Nishime, Hikaru Ohsawa, Ryôsuke Yamamoto",Japanese,Japan,7.7,98,tt6306178
732,Kamen Rider Ex-Aid: True Ending,2017,61,"Action, Adventure, Fantasy",Shôjirô Nakazawa,Yuya Takahashi,"Hiroki Iijima, Toshiki Seto, Ukyô Matsumoto","Japanese, Korean",Japan,7.6,89,tt7098236
733,The First Aid,1997,10,"Animation, Short",Leonid Shvartsman,Grigoriy Oster,N/A,Russian,Russia,N/A,74,tt5517510
735,Aïe!,2006,11,"Short, Fantasy, Romance",Virginie Gourmel,Micha Wald,"Robert Denis, Julien Faure, Kajsa Sandström",French,Belgium,8.3,31,tt0981262
738,Army Information Film AIF No. 7: Code of Conduct - To Resist,1950,28,"Documentary, Short, War",N/A,N/A,Jack Webb,English,USA,4.4,7,tt0369247
740,Howa Al Naharda Aih,2007,37,Short,Sameh Alshwady,Maher Zohdy,"Hassan Abdel Hamid, Gehan Rateb, Kamal Abo Rayia",Arabic,Egypt,N/A,N/A,tt3253984
741,Aik Hai Nigar,2021,102,Biography,Adnan Sarwar,Umera Ahmed,"Bilal Ashraf, Sara Ejaz, Anoushey Rania Khan",Urdu,Pakistan,6.9,158,tt15760656
743,Aik,2012,125,Horror,Pratik Kadam,Janmejay-Swapnil,"Maushmi Hadkar, Poonam Jadhav, Swapnil Jadhav",Marathi,India,4.9,12,tt6262628
744,Lakhoon Main Aik,1967,146,"Drama, Musical",Raza Mir,N/A,"Shamim Ara, ChhamChham, Ejaz Durrani",Urdu,Pakistan,N/A,7,tt2968820
746,Aik Aur Aik Gyarah,2015,90,"Comedy, Romance",Saima Waseem,"Zain Raza (screenplay), Zain Raza (dialogue)","Ahmad Hassan, Azfar Rehman, Zarnish, Khalid Anam",Urdu,Pakistan,7.2,5,tt4458160
748,Bus Aik Love Marriage,2006,60,"Comedy, Romance",Waqar Ahmed,Umaira Ahmed,Ayesha Omar,Urdu,Pakistan,N/A,N/A,tt6053676
750,Aik khoon,2005,15,"Short, Comedy, Drama",Andie Chen,N/A,"Andie Chen, Chong Hua Chua, Aik Khoon Yeo","English, Hokkien",Singapore,N/A,N/A,tt1537177
751,Adam's Ail,2014,9,"Animation, Short, Fantasy",Amelia Harvey,Amelia Harvey (story),Ryan P. McCabe,N/A,USA,N/A,N/A,tt4137412
754,Next Time I'll Aim for the Heart,2014,111,"Crime, Drama, Thriller",Cédric Anger,"Cédric Anger, Yvan Stefanovitch, Martine Laroche","Guillaume Canet, Ana Girardot, Jean-Yves Berteloot",French,France,6.4,"2,805",tt3324494
755,Take Aim at the Police Van,1960,79,"Action, Crime, Mystery",Seijun Suzuki,"Shin'ichi Sekizawa, Kazuo Shimada","Michitarô Mizushima, Misako Watanabe, Shôichi Ozawa",Japanese,Japan,6.6,"1,026",tt0054325
757,We Aim to Please,1934,7,"Animation, Family, Comedy","Dave Fleischer, Willard Bowsky",N/A,"William Costello, Mae Questel",English,United States,7.1,226,tt0025963
758,I Aim at the Stars,1960,107,"Biography, Drama",J. Lee Thompson,"Jay Dratler, George Froeschel, H.W. John","Curd Jürgens, Victoria Shaw, Herbert Lom",English,"West Germany, United States",6.2,210,tt0053440
761,Aim High in Creation,2013,96,"Documentary, Adventure, Comedy",Anna Broinowski,Anna Broinowski,"Peter O'Brien, Susan Prior, Kathryn Beck",English,Australia,6.6,142,tt2310800
765,Men nazret ain,2004,88,Romance,"Ihab Lam'i, Ihab Lamey",Ihab Lamey,"Mona Zaki, Amr Waked, Sawsan Badr",Arabic,Egypt,6.0,443,tt0406989
766,Lemarit Ain,2006,87,"Drama, Mystery",Daniel Syrkin,Noa Greenberg,"Tali Sharon, Assi Dayan, Sandra Sade",Hebrew,Israel,7.2,218,tt0759604
767,Ain,2014,115,Drama,Sidhartha Siva,Sidhartha Siva,"Muhammed Musthafa, Sudhakaran Nair, Rachana Narayanankutty",Malayalam,India,6.9,47,tt4557064
768,P(l)ain Truth,1993,15,"Short, Drama",Ilppo Pohjola,Ilppo Pohjola,"Sergei Anissomov-Pihl, Leea Klemola, Pia Lehmuskallio",Finnish,Finland,5.5,42,tt0107765
770,Beirut fi Ain Al-Assifa,2021,75,Documentary,Mai Masri,N/A,N/A,Arabic,Lebanon,N/A,N/A,tt15834062
774,Aiò Zitelli,2019,20,"Short, Drama",Jean-Marie Antonini,"Jean-Marie Antonini, Frédéric Bertocchini","Jean-Toussaint Bernard, François-David Cardonnel, Paul de Montfort","French, Corsican",France,N/A,N/A,tt11013644
775,"Aio, Somos Memória, Temos Lembranças",2020,67,Documentary,José Eduardo Alcázar,José Eduardo Alcázar,Manoel Alcazar,Portuguese,Paraguay,N/A,N/A,tt13626480
776,AIP: Fast and Furious,1985,59,Documentary,N/A,N/A,N/A,English,USA,N/A,N/A,tt0231071
778,Pam Grier: The AIP Years,2016,10,"Documentary, Short",Edwin Samuelson,N/A,Chris Poggiali,English,United States,N/A,N/A,tt5258522
